,DRM,A,B,C,D,E,F,G,H,CM
0,PR_V32A,1,0,0,0,0,0,0,0,['PR_T4I']
1,PR_L90S,1,0,0,0,0,0,0,0,['PR_E65V']
2,PR_N88T,1,0,0,0,0,0,0,0,['PR_P9L']
3,PR_I84T,0,1,0,0,0,0,0,0,['PR_P39L']
4,PR_N88S,0,1,0,0,0,0,0,0,['PR_A22V']
5,PR_I47R,0,1,0,0,0,0,0,0,['PR_D60V']
6,PR_M46R,0,0,1,0,0,0,0,0,['PR_F99S']
7,PR_I84R,0,0,1,0,0,0,0,0,['PR_Q2L']
8,PR_I54S,0,0,1,0,0,0,0,0,['PR_V11A']
9,PR_G48A,0,0,0,1,0,0,0,0,['PR_L63P']
10,PR_I54T,0,0,0,1,0,0,0,0,['PR_L97S']
11,PR_V82A,0,0,0,1,0,0,0,0,['PR_L19P']
12,PR_I47T,0,0,0,0,1,0,0,0,['PR_Y59F']
13,PR_M46T,0,0,0,0,1,0,0,0,['PR_K20M']
14,PR_G48V,0,0,0,0,1,0,0,0,['PR_Q18L']
15,PR_I50T,0,0,0,0,0,1,0,0,['PR_L38S']
16,PR_G48E,0,0,0,0,0,1,0,0,['PR_C95F']
17,PR_N88I,0,0,0,0,0,1,0,0,['PR_P1L']
18,PR_D30V,0,0,0,0,0,0,1,0,['PR_A71V']
19,PR_L76S,0,0,0,0,0,0,1,0,['PR_I15T']
20,PR_I84K,0,0,0,0,0,0,1,0,['PR_I64T']
21,PR_G48R,0,0,0,0,0,0,0,1,['PR_T96I']
22,PR_V82G,0,0,0,0,0,0,0,1,['PR_Q58L']
23,PR_I54N,0,0,0,0,0,0,0,1,['PR_L5P']
